#,Company,Symbol,Weight,Price,Chg,% Chg
1,Nvidia,NVDA,7.44%,172.41,-0.59,(-0.34%)
2,Microsoft,MSFT,6.71%,510.05,-1.65,(-0.32%)
3,Apple Inc.,AAPL,5.58%,211.18,1.16,(0.55%)
4,Amazon,AMZN,4.25%,226.13,2.25,(1.01%)
5,Meta Platforms,META,3.13%,704.28,2.87,(0.41%)
6,Broadcom,AVGO,2.36%,283.34,-3.11,(-1.09%)
7,Alphabet Inc. (Class A),GOOGL,2.04%,185.06,1.48,(0.81%)
8,Alphabet Inc. (Class C),GOOG,1.94%,185.94,1.24,(0.67%)
9,Tesla Inc.,TSLA,1.88%,329.65,10.24,(3.21%)
10,Berkshire Hathaway,BRK.B,1.81%,473.80,0.40,(0.08%)
11,JPMorgan Chase,JPM,1.42%,291.27,1.37,(0.47%)
12,Walmart,WMT,1.34%,95.05,-0.04,(-0.04%)
13,Lilly (Eli),LLY,1.23%,771.71,10.21,(1.34%)
14,Oracle Corporation,ORCL,1.22%,245.45,-3.30,(-1.33%)
15,Visa Inc.,V,1.21%,349.05,-0.76,(-0.22%)
16,Netflix,NFLX,0.91%,1209.24,-64.93,(-5.10%)
17,Mastercard,MA,0.89%,552.66,-2.95,(-0.53%)
18,ExxonMobil,XOM,0.82%,107.77,-3.89,(-3.48%)
19,Costco,COST,0.75%,950.95,-2.96,(-0.31%)
20,Johnson & Johnson,JNJ,0.70%,163.70,0.72,(0.44%)
21,Procter & Gamble,PG,0.64%,155.10,-0.52,(-0.33%)
22,Palantir Technologies,PLTR,0.64%,153.52,-0.47,(-0.31%)
23,Home Depot (The),HD,0.63%,359.40,0.36,(0.10%)
24,Bank of America,BAC,0.62%,47.32,0.30,(0.64%)
25,AbbVie,ABBV,0.59%,189.26,-2.14,(-1.12%)
26,Coca-Cola Company (The),KO,0.53%,69.85,-0.74,(-1.05%)
27,GE Aerospace,GE,0.49%,263.27,2.99,(1.15%)
28,Philip Morris International,PM,0.49%,178.73,-0.44,(-0.25%)
29,Cisco,CSCO,0.48%,68.05,-0.25,(-0.37%)
30,IBM,IBM,0.47%,285.87,3.87,(1.37%)
31,Chevron Corporation,CVX,0.46%,150.04,-1.34,(-0.89%)
32,Wells Fargo,WFC,0.46%,80.64,0.93,(1.17%)
33,T-Mobile US,TMUS,0.46%,227.21,0.18,(0.08%)
34,UnitedHealth Group,UNH,0.45%,282.65,-5.42,(-1.88%)
35,Advanced Micro Devices,AMD,0.45%,156.99,-3.42,(-2.13%)
36,Salesforce,CRM,0.44%,262.38,2.50,(0.96%)
37,Morgan Stanley,MS,0.40%,140.83,-0.07,(-0.05%)
38,Linde plc,LIN,0.39%,465.01,3.72,(0.81%)
39,Walt Disney Company (The),DIS,0.39%,121.42,-0.79,(-0.65%)
40,Goldman Sachs,GS,0.38%,708.26,2.42,(0.34%)
41,American Express,AXP,0.38%,307.95,-7.40,(-2.35%)
42,Abbott Laboratories,ABT,0.38%,123.67,3.16,(2.62%)
43,McDonald's,MCD,0.38%,297.07,-3.30,(-1.10%)
44,Intuit,INTU,0.37%,752.63,-2.74,(-0.36%)
45,RTX Corporation,RTX,0.36%,151.50,0.00,(0.00%)
46,Merck & Co.,MRK,0.36%,79.96,-1.56,(-1.91%)
47,ServiceNow,NOW,0.35%,963.40,4.25,(0.44%)
48,Texas Instruments,TXN,0.35%,216.62,0.03,(0.01%)
49,PepsiCo,PEP,0.35%,143.24,-2.20,(-1.51%)
50,Caterpillar Inc.,CAT,0.34%,413.71,-4.36,(-1.04%)
51,AT&T,T,0.34%,26.94,-0.05,(-0.19%)
52,Uber,UBER,0.34%,90.59,0.09,(0.10%)
53,Intuitive Surgical,ISRG,0.33%,518.62,2.46,(0.48%)
54,Booking Holdings,BKNG,0.33%,5702.90,18.96,(0.33%)
55,Accenture,ACN,0.31%,282.44,-0.26,(-0.09%)
56,Charles Schwab Corporation,SCHW,0.31%,95.80,2.70,(2.90%)
57,Boeing,BA,0.31%,229.34,-1.66,(-0.72%)
58,Verizon,VZ,0.30%,40.84,-0.11,(-0.27%)
59,Citigroup,C,0.30%,93.45,0.36,(0.39%)
60,BlackRock,BLK,0.30%,1103.59,-1.79,(-0.16%)
61,Qualcomm,QCOM,0.30%,154.80,2.19,(1.44%)
62,S&P Global,SPGI,0.28%,524.38,-0.98,(-0.19%)
63,Amgen,AMGN,0.28%,294.76,-3.49,(-1.17%)
64,GE Vernova,GEV,0.28%,574.60,4.43,(0.78%)
65,Thermo Fisher Scientific,TMO,0.28%,414.75,-10.23,(-2.41%)
66,NextEra Energy,NEE,0.28%,75.95,0.77,(1.02%)
67,Adobe Inc.,ADBE,0.27%,365.79,-0.66,(-0.18%)
68,Boston Scientific,BSX,0.27%,103.64,-1.01,(-0.97%)
69,Applied Materials,AMAT,0.27%,190.44,-2.08,(-1.08%)
70,Honeywell,HON,0.27%,236.54,-1.83,(-0.77%)
71,Stryker Corporation,SYK,0.26%,389.40,0.50,(0.13%)
72,Eaton Corporation,ETN,0.26%,378.62,-2.10,(-0.55%)
73,Progressive Corporation,PGR,0.26%,246.41,-0.86,(-0.35%)
74,Arista Networks,ANET,0.25%,111.78,-0.20,(-0.18%)
75,Capital One,COF,0.25%,218.28,0.28,(0.13%)
76,Pfizer,PFE,0.25%,24.47,-0.11,(-0.45%)
77,TJX Companies,TJX,0.24%,122.17,0.00,(0.00%)
78,Danaher Corporation,DHR,0.24%,190.05,-4.74,(-2.43%)
79,Deere & Company,DE,0.24%,499.82,0.68,(0.14%)
80,Gilead Sciences,GILD,0.24%,108.22,-0.58,(-0.53%)
81,Union Pacific Corporation,UNP,0.24%,224.87,-2.62,(-1.15%)
82,Palo Alto Networks,PANW,0.23%,195.78,-0.50,(-0.25%)
83,KKR,KKR,0.23%,145.98,-1.62,(-1.10%)
84,Blackstone Inc.,BX,0.23%,168.72,-3.77,(-2.19%)
85,Comcast,CMCSA,0.23%,34.54,-0.16,(-0.46%)
86,Lam Research,LRCX,0.23%,100.66,-0.13,(-0.13%)
87,Micron Technology,MU,0.23%,114.39,1.13,(1.00%)
88,Amphenol,APH,0.22%,103.34,1.38,(1.35%)
89,KLA Corporation,KLAC,0.22%,931.12,-5.96,(-0.64%)
90,Lowe's,LOW,0.22%,219.16,0.58,(0.27%)
91,Automatic Data Processing,ADP,0.22%,301.79,-0.33,(-0.11%)
92,Analog Devices,ADI,0.21%,241.85,0.88,(0.37%)
93,CrowdStrike,CRWD,0.21%,475.96,6.13,(1.30%)
94,Vertex Pharmaceuticals,VRTX,0.21%,459.81,-3.46,(-0.75%)
95,ConocoPhillips,COP,0.20%,91.64,-1.17,(-1.26%)
96,Medtronic,MDT,0.20%,89.61,0.08,(0.09%)
97,Chubb Limited,CB,0.19%,274.13,-1.33,(-0.48%)
98,Lockheed Martin,LMT,0.19%,463.96,-5.24,(-1.12%)
99,Nike Inc.,NKE,0.19%,72.47,-0.51,(-0.70%)
100,Coinbase Global,COIN,0.19%,419.78,9.03,(2.20%)
101,Starbucks,SBUX,0.19%,93.80,0.61,(0.65%)
102,American Tower,AMT,0.19%,224.77,1.73,(0.78%)
103,Marsh McLennan,MMC,0.18%,212.28,1.24,(0.59%)
104,Welltower,WELL,0.18%,159.05,1.42,(0.90%)
105,Intercontinental Exchange,ICE,0.18%,180.72,-1.22,(-0.67%)
106,Southern Company,SO,0.18%,94.10,0.77,(0.83%)
107,DoorDash,DASH,0.18%,239.17,4.15,(1.77%)
108,Intel,INTC,0.18%,23.10,0.30,(1.32%)
109,Constellation Energy,CEG,0.18%,321.42,13.34,(4.33%)
110,Trane Technologies,TT,0.18%,447.33,-2.73,(-0.61%)
111,Prologis,PLD,0.18%,106.78,0.35,(0.33%)
112,CME Group,CME,0.18%,274.70,-3.12,(-1.12%)
113,Altria,MO,0.17%,58.02,0.04,(0.07%)
114,Bristol Myers Squibb,BMY,0.17%,47.36,-0.70,(-1.46%)
115,Royal Caribbean Group,RCL,0.17%,350.10,1.59,(0.46%)
116,Parker Hannifin,PH,0.16%,722.58,-0.68,(-0.09%)
117,Duke Energy,DUK,0.16%,118.42,0.96,(0.82%)
118,Fiserv,FI,0.16%,165.74,-1.61,(-0.96%)
119,Waste Management,WM,0.16%,227.32,1.62,(0.72%)
120,Synopsys,SNPS,0.16%,584.76,-4.25,(-0.72%)
121,Mondelez International,MDLZ,0.16%,69.81,0.01,(0.01%)
122,Moody's Corporation,MCO,0.16%,499.90,-2.53,(-0.50%)
123,TransDigm Group,TDG,0.16%,1597.30,2.05,(0.13%)
124,Cintas,CTAS,0.16%,221.94,0.02,(0.01%)
125,Dell Technologies,DELL,0.16%,131.24,7.36,(5.94%)
126,McKesson Corporation,MCK,0.16%,709.80,-0.48,(-0.07%)
127,HCA Healthcare,HCA,0.15%,361.12,-1.48,(-0.41%)
128,Apollo Global Management,APO,0.15%,152.00,-4.05,(-2.60%)
129,Cadence Design Systems,CDNS,0.15%,315.57,-5.29,(-1.65%)
130,Airbnb,ABNB,0.15%,139.34,0.04,(0.03%)
131,Sherwin-Williams,SHW,0.15%,340.07,0.17,(0.05%)
132,United Parcel Service,UPS,0.15%,99.22,-0.28,(-0.28%)
133,3M,MMM,0.15%,153.23,-5.81,(-3.65%)
134,Emerson Electric,EMR,0.14%,144.23,-0.16,(-0.11%)
135,Fortinet,FTNT,0.14%,105.42,0.50,(0.48%)
136,General Dynamics,GD,0.14%,298.98,-1.11,(-0.37%)
137,Arthur J. Gallagher & Co.,AJG,0.14%,313.14,-0.77,(-0.25%)
138,Cigna,CI,0.14%,295.71,-2.57,(-0.86%)
139,O'Reilly Auto Parts,ORLY,0.14%,92.34,0.75,(0.82%)
140,CVS Health,CVS,0.14%,61.96,-1.34,(-2.12%)
141,PNC Financial Services,PNC,0.14%,196.52,0.53,(0.27%)
142,Aon,AON,0.14%,356.11,1.48,(0.42%)
143,Howmet Aerospace,HWM,0.14%,190.49,1.66,(0.88%)
144,Ecolab,ECL,0.13%,268.75,-0.26,(-0.10%)
145,Equinix,EQIX,0.13%,777.78,2.21,(0.28%)
146,Republic Services,RSG,0.13%,240.50,0.33,(0.14%)
147,Illinois Tool Works,ITW,0.13%,255.15,-2.55,(-0.99%)
148,Northrop Grumman,NOC,0.13%,519.04,-4.79,(-0.91%)
149,Marriott International,MAR,0.13%,272.58,0.98,(0.36%)
150,Chipotle Mexican Grill,CMG,0.13%,53.93,0.39,(0.73%)
151,Williams Companies,WMB,0.13%,59.35,1.26,(2.17%)
152,PayPal,PYPL,0.13%,74.17,0.31,(0.42%)
153,Johnson Controls,JCI,0.13%,108.96,0.01,(0.01%)
154,U.S. Bancorp,USB,0.13%,45.69,0.48,(1.06%)
155,Colgate-Palmolive,CL,0.12%,86.84,-0.40,(-0.46%)
156,Motorola Solutions,MSI,0.12%,420.46,-0.58,(-0.14%)
157,BNY Mellon,BK,0.12%,98.84,0.92,(0.94%)
158,Zoetis,ZTS,0.12%,148.60,-1.43,(-0.95%)
159,Air Products,APD,0.12%,295.31,1.73,(0.59%)
160,Vistra Corp.,VST,0.12%,193.01,11.01,(6.05%)
161,Carrier Global,CARR,0.12%,76.63,-0.30,(-0.39%)
162,Hilton Worldwide,HLT,0.11%,272.68,0.47,(0.17%)
163,Newmont,NEM,0.11%,58.19,0.20,(0.34%)
164,CSX Corporation,CSX,0.11%,34.39,-0.11,(-0.32%)
165,Freeport-McMoRan,FCX,0.11%,44.80,0.34,(0.76%)
166,EOG Resources,EOG,0.11%,117.68,-0.75,(-0.63%)
167,Autodesk,ADSK,0.11%,297.03,4.87,(1.67%)
168,Elevance Health,ELV,0.11%,277.09,-25.36,(-8.38%)
169,Norfolk Southern Railway,NSC,0.11%,276.66,6.85,(2.54%)
170,Workday Inc.,WDAY,0.11%,233.06,2.17,(0.94%)
171,AutoZone,AZO,0.11%,3713.93,64.51,(1.77%)
172,Kinder Morgan,KMI,0.11%,27.88,0.39,(1.42%)
173,Digital Realty,DLR,0.11%,177.98,1.22,(0.69%)
174,Travelers Companies (The),TRV,0.11%,265.97,4.16,(1.59%)
175,Quanta Services,PWR,0.11%,403.31,5.41,(1.36%)
176,Axon Enterprise,AXON,0.10%,756.09,10.23,(1.37%)
177,Regeneron Pharmaceuticals,REGN,0.10%,542.52,-7.48,(-1.36%)
178,Roper Technologies,ROP,0.10%,544.79,-1.56,(-0.29%)
179,Truist Financial,TFC,0.10%,44.25,-0.76,(-1.69%)
180,Monster Beverage,MNST,0.10%,59.00,-0.09,(-0.15%)
181,American Electric Power,AEP,0.10%,107.40,1.47,(1.39%)
182,NXP Semiconductors,NXPI,0.10%,225.90,1.40,(0.62%)
183,Cencora,COR,0.10%,292.87,-1.51,(-0.51%)
184,Aflac,AFL,0.10%,101.83,0.41,(0.40%)
185,FedEx,FDX,0.10%,226.62,-1.75,(-0.77%)
186,Marathon Petroleum,MPC,0.09%,174.21,0.04,(0.02%)
187,Simon Property Group,SPG,0.09%,162.86,0.13,(0.08%)
188,TE Connectivity,TEL,0.09%,178.97,1.29,(0.73%)
189,Fastenal,FAST,0.09%,46.06,0.18,(0.39%)
190,United Rentals,URI,0.09%,808.05,-8.76,(-1.07%)
191,Charter Communications,CHTR,0.09%,382.08,-1.48,(-0.39%)
192,ONEOK,OKE,0.09%,83.30,2.06,(2.54%)
193,Ameriprise Financial,AMP,0.09%,544.55,4.73,(0.88%)
194,MetLife,MET,0.09%,77.15,-0.18,(-0.23%)
195,Paychex,PAYX,0.09%,143.46,0.17,(0.12%)
196,Allstate,ALL,0.09%,194.08,1.06,(0.55%)
197,Nasdaq Inc.,NDAQ,0.09%,89.37,-0.58,(-0.64%)
198,Phillips 66,PSX,0.09%,125.90,0.72,(0.58%)
199,Becton Dickinson,BDX,0.09%,178.85,-2.05,(-1.13%)
200,General Motors,GM,0.09%,53.22,0.01,(0.02%)
201,Sempra,SRE,0.09%,78.25,1.96,(2.57%)
202,Realty Income,O,0.09%,56.47,0.11,(0.20%)
203,Datadog,DDOG,0.09%,145.02,1.87,(1.31%)
204,Public Storage,PSA,0.09%,284.06,0.52,(0.18%)
205,Corteva,CTVA,0.09%,73.05,-0.12,(-0.16%)
206,Schlumberger,SLB,0.09%,33.32,-1.35,(-3.89%)
207,Dominion Energy,D,0.09%,58.09,0.48,(0.83%)
208,L3Harris,LHX,0.09%,264.77,-0.74,(-0.28%)
209,W. W. Grainger,GWW,0.09%,1028.35,6.18,(0.60%)
210,Paccar,PCAR,0.09%,93.68,-0.37,(-0.39%)
211,Cummins,CMI,0.09%,350.40,2.23,(0.64%)
212,Kroger,KR,0.08%,71.39,-0.83,(-1.15%)
213,Target Corporation,TGT,0.08%,103.46,-0.19,(-0.18%)
214,American International Group,AIG,0.08%,81.21,0.22,(0.27%)
215,Corning Inc.,GLW,0.08%,54.01,-0.19,(-0.35%)
216,Hess Corporation,HES,0.08%,148.97,0.00,(0.00%)
217,Crown Castle,CCI,0.08%,105.14,0.90,(0.86%)
218,Valero Energy,VLO,0.08%,146.15,1.48,(1.02%)
219,Keurig Dr Pepper,KDP,0.08%,33.54,-0.35,(-1.03%)
220,Edwards Lifesciences,EW,0.08%,76.49,0.31,(0.41%)
221,MSCI,MSCI,0.08%,577.94,-2.24,(-0.39%)
222,Copart,CPRT,0.08%,45.98,0.09,(0.20%)
223,Ford Motor Company,F,0.08%,11.16,0.01,(0.09%)
224,Garmin,GRMN,0.08%,227.89,2.49,(1.10%)
225,Exelon,EXC,0.08%,43.40,0.45,(1.05%)
226,Occidental Petroleum,OXY,0.08%,43.62,0.07,(0.16%)
227,Ross Stores,ROST,0.08%,129.94,-0.54,(-0.41%)
228,Kimberly-Clark,KMB,0.07%,127.53,-0.38,(-0.30%)
229,Take-Two Interactive,TTWO,0.07%,231.18,-2.74,(-1.17%)
230,Kenvue,KVUE,0.07%,22.00,0.15,(0.69%)
231,Verisk Analytics,VRSK,0.07%,301.90,-0.70,(-0.23%)
232,Fidelity National Information Services,FIS,0.07%,80.33,-0.41,(-0.51%)
233,Public Service Enterprise Group,PEG,0.07%,84.31,1.56,(1.89%)
234,CBRE Group,CBRE,0.07%,139.47,0.70,(0.50%)
235,Yum! Brands,YUM,0.07%,148.96,0.88,(0.59%)
236,Idexx Laboratories,IDXX,0.07%,514.61,-4.10,(-0.79%)
237,Diamondback Energy,FANG,0.07%,141.37,0.44,(0.31%)
238,Ametek,AME,0.07%,178.51,-1.19,(-0.66%)
239,Xcel Energy,XEL,0.07%,70.38,0.73,(1.05%)
240,D. R. Horton,DHI,0.07%,131.80,0.15,(0.11%)
241,Microchip Technology,MCHP,0.07%,74.78,0.48,(0.65%)
242,Rockwell Automation,ROK,0.07%,356.00,-0.49,(-0.14%)
243,Carnival,CCL,0.07%,29.55,0.10,(0.34%)
244,The Trade Desk,TTD,0.07%,80.21,-1.23,(-1.51%)
245,Baker Hughes,BKR,0.07%,39.72,0.54,(1.38%)
246,Otis Worldwide,OTIS,0.07%,99.44,-1.63,(-1.61%)
247,Entergy,ETR,0.07%,86.40,1.86,(2.20%)
248,Cardinal Health,CAH,0.07%,159.56,0.10,(0.06%)
249,Sysco,SYY,0.07%,78.41,0.50,(0.64%)
250,ResMed,RMD,0.07%,257.92,1.50,(0.58%)
251,Electronic Arts,EA,0.07%,150.11,0.28,(0.19%)
252,Fair Isaac,FICO,0.07%,1541.62,16.33,(1.07%)
253,Cognizant,CTSH,0.07%,75.68,0.12,(0.16%)
254,Targa Resources,TRGP,0.07%,171.11,4.63,(2.78%)
255,Delta Air Lines,DAL,0.07%,56.29,-0.05,(-0.09%)
256,Prudential Financial,PRU,0.06%,103.27,0.14,(0.14%)
257,Consolidated Edison,ED,0.06%,101.08,0.48,(0.48%)
258,Wabtec,WAB,0.06%,211.91,-0.79,(-0.37%)
259,eBay,EBAY,0.06%,78.14,1.35,(1.76%)
260,CoStar Group,CSGP,0.06%,84.70,-0.25,(-0.29%)
261,EQT Corporation,EQT,0.06%,59.19,0.44,(0.75%)
262,Vulcan Materials Company,VMC,0.06%,266.60,3.59,(1.36%)
263,Hartford (The),HIG,0.06%,122.86,0.53,(0.43%)
264,Live Nation Entertainment,LYV,0.06%,150.49,-0.23,(-0.15%)
265,GE HealthCare,GEHC,0.06%,75.96,-0.28,(-0.37%)
266,Vici Properties,VICI,0.06%,32.90,0.06,(0.18%)
267,Monolithic Power Systems,MPWR,0.06%,725.24,11.67,(1.64%)
268,Hershey Company (The),HSY,0.06%,171.29,0.06,(0.04%)
269,Ingersoll Rand,IR,0.06%,85.55,-2.20,(-2.51%)
270,WEC Energy Group,WEC,0.06%,107.82,1.62,(1.53%)
271,Las Vegas Sands,LVS,0.06%,48.67,-0.26,(-0.53%)
272,Old Dominion,ODFL,0.06%,162.09,-0.14,(-0.09%)
273,Brown & Brown,BRO,0.06%,103.84,-0.29,(-0.28%)
274,Martin Marietta Materials,MLM,0.06%,565.03,11.94,(2.16%)
275,Arch Capital Group,ACGL,0.06%,88.35,-0.31,(-0.35%)
276,Kraft Heinz,KHC,0.06%,27.82,-0.31,(-1.10%)
277,Dexcom,DXCM,0.06%,83.89,-0.21,(-0.25%)
278,Equifax,EFX,0.06%,263.09,1.67,(0.64%)
279,Nucor,NUE,0.06%,140.63,-0.12,(-0.09%)
280,Raymond James Financial,RJF,0.06%,160.66,1.18,(0.74%)
281,Agilent Technologies,A,0.06%,113.99,-2.37,(-2.04%)
282,Xylem Inc.,XYL,0.06%,132.71,0.25,(0.19%)
283,Seagate Technology,STX,0.06%,149.08,2.35,(1.61%)
284,DuPont,DD,0.06%,75.55,1.10,(1.48%)
285,Warner Bros. Discovery,WBD,0.06%,12.75,-0.09,(-0.70%)
286,Extra Space Storage,EXR,0.06%,148.11,0.84,(0.57%)
287,Estée Lauder Companies (The),EL,0.06%,87.21,0.65,(0.75%)
288,State Street Corporation,STT,0.05%,108.51,1.03,(0.96%)
289,Supermicro,SMCI,0.05%,51.77,-0.98,(-1.86%)
290,M&T Bank,MTB,0.05%,196.19,0.59,(0.30%)
291,Willis Towers Watson,WTW,0.05%,308.28,1.59,(0.52%)
292,United Airlines Holdings,UAL,0.05%,92.25,1.03,(1.13%)
293,Constellation Brands,STZ,0.05%,170.57,-0.95,(-0.55%)
294,Tractor Supply,TSCO,0.05%,56.58,-0.25,(-0.44%)
295,Ventas,VTR,0.05%,65.80,0.43,(0.66%)
296,NRG Energy,NRG,0.05%,151.75,4.37,(2.97%)
297,PG&E Corporation,PCG,0.05%,13.45,0.19,(1.43%)
298,Iron Mountain,IRM,0.05%,99.67,0.98,(0.99%)
299,AvalonBay Communities,AVB,0.05%,202.63,0.50,(0.25%)
300,Fifth Third Bancorp,FITB,0.05%,43.03,0.42,(0.99%)
301,DTE Energy,DTE,0.05%,137.26,2.53,(1.88%)
302,Lennar,LEN,0.05%,109.57,-0.13,(-0.12%)
303,Broadridge Financial Solutions,BR,0.05%,239.11,1.92,(0.81%)
304,Keysight Technologies,KEYS,0.05%,162.45,-0.61,(-0.37%)
305,American Water Works,AWK,0.05%,142.91,0.70,(0.49%)
306,IQVIA,IQV,0.05%,160.63,-2.62,(-1.60%)
307,Kellanova,K,0.05%,79.92,-0.06,(-0.08%)
308,Hewlett Packard Enterprise,HPE,0.05%,21.11,0.28,(1.34%)
309,Lululemon Athletica,LULU,0.05%,229.77,-3.54,(-1.52%)
310,Gartner,IT,0.05%,355.40,-6.01,(-1.66%)
311,General Mills,GIS,0.05%,50.10,-0.19,(-0.38%)
312,Rollins Inc.,ROL,0.05%,55.80,0.03,(0.05%)
313,Ameren,AEE,0.05%,98.70,1.42,(1.46%)
314,Synchrony Financial,SYF,0.05%,70.04,-0.15,(-0.21%)
315,Verisign,VRSN,0.05%,283.43,2.57,(0.92%)
316,Humana,HUM,0.05%,220.41,-3.14,(-1.40%)
317,PPL Corporation,PPL,0.05%,35.98,0.37,(1.04%)
318,International Paper,IP,0.05%,50.35,-0.56,(-1.10%)
319,Teledyne Technologies,TDY,0.05%,563.66,4.66,(0.83%)
320,Archer Daniels Midland,ADM,0.05%,54.39,0.85,(1.59%)
321,W. R. Berkley Corporation,WRB,0.05%,68.75,0.62,(0.91%)
322,PPG Industries,PPG,0.05%,114.53,-1.49,(-1.28%)
323,Expand Energy,EXE,0.05%,108.64,0.49,(0.45%)
324,Dover Corporation,DOV,0.05%,188.24,-2.35,(-1.23%)
325,Veralto,VLTO,0.05%,103.34,0.36,(0.35%)
326,Equity Residential,EQR,0.05%,67.17,-0.11,(-0.16%)
327,ON Semiconductor,ON,0.04%,60.72,1.31,(2.21%)
328,SBA Communications,SBAC,0.04%,233.90,1.04,(0.45%)
329,Cboe Global Markets,CBOE,0.04%,238.62,0.78,(0.33%)
330,Northern Trust,NTRS,0.04%,127.93,0.87,(0.68%)
331,Atmos Energy,ATO,0.04%,156.66,1.39,(0.90%)
332,Mettler Toledo,MTD,0.04%,1194.85,-10.83,(-0.90%)
333,Darden Restaurants,DRI,0.04%,209.54,2.41,(1.16%)
334,Huntington Bancshares,HBAN,0.04%,16.71,-0.27,(-1.59%)
335,Tyler Technologies,TYL,0.04%,564.36,3.10,(0.55%)
336,CenterPoint Energy,CNP,0.04%,37.24,0.74,(2.03%)
337,Dollar General,DG,0.04%,110.09,0.86,(0.79%)
338,GoDaddy,GDDY,0.04%,168.72,0.43,(0.26%)
339,Jabil,JBL,0.04%,223.98,1.75,(0.79%)
340,Eversource Energy,ES,0.04%,65.41,0.57,(0.88%)
341,PTC Inc.,PTC,0.04%,199.61,2.61,(1.32%)
342,Church & Dwight,CHD,0.04%,96.60,-0.43,(-0.44%)
343,Western Digital,WDC,0.04%,68.00,0.98,(1.46%)
344,CDW,CDW,0.04%,179.59,-0.40,(-0.22%)
345,Cincinnati Financial,CINF,0.04%,150.73,1.70,(1.14%)
346,HP Inc.,HPQ,0.04%,25.06,0.31,(1.25%)
347,FirstEnergy,FE,0.04%,40.78,0.23,(0.57%)
348,Expedia Group,EXPE,0.04%,184.93,2.85,(1.57%)
349,Smurfit WestRock,SW,0.04%,44.86,-1.22,(-2.65%)
350,Corpay,CPAY,0.04%,332.02,-3.08,(-0.92%)
351,Regions Financial Corporation,RF,0.04%,26.01,1.50,(6.12%)
352,T. Rowe Price,TROW,0.04%,105.77,-0.64,(-0.60%)
353,Dollar Tree,DLTR,0.04%,110.12,1.97,(1.82%)
354,Hubbell Incorporated,HUBB,0.04%,430.28,-6.95,(-1.59%)
355,Texas Pacific Land Corporation,TPL,0.04%,997.11,4.89,(0.49%)
356,Steris,STE,0.04%,225.58,0.99,(0.44%)
357,Ulta Beauty,ULTA,0.04%,493.30,3.23,(0.66%)
358,Amcor,AMCR,0.04%,9.54,0.03,(0.32%)
359,PulteGroup,PHM,0.04%,108.66,-0.62,(-0.57%)
360,NetApp,NTAP,0.04%,108.37,1.12,(1.04%)
361,NVR Inc.,NVR,0.04%,7422.83,-15.42,(-0.21%)
362,Lennox International,LII,0.04%,609.43,-2.42,(-0.40%)
363,CMS Energy,CMS,0.04%,71.92,1.07,(1.51%)
364,Tapestry Inc.,TPR,0.04%,103.42,1.26,(1.23%)
365,Devon Energy,DVN,0.04%,32.85,0.07,(0.21%)
366,Citizens Financial Group,CFG,0.04%,48.58,-0.24,(-0.49%)
367,Williams-Sonoma,WSM,0.04%,170.39,0.19,(0.11%)
368,Leidos,LDOS,0.04%,162.54,-0.17,(-0.10%)
369,Southwest Airlines,LUV,0.04%,36.51,0.04,(0.11%)
370,LabCorp,LH,0.04%,243.72,-3.52,(-1.42%)
371,LyondellBasell,LYB,0.04%,63.21,-0.09,(-0.14%)
372,KeyCorp,KEY,0.04%,18.50,0.13,(0.71%)
373,Dow Inc.,DOW,0.04%,28.34,-0.12,(-0.42%)
374,Insulet Corporation,PODD,0.04%,284.23,0.78,(0.28%)
375,Global Payments,GPN,0.04%,81.93,-1.11,(-1.34%)
376,Invitation Homes,INVH,0.03%,32.24,-0.02,(-0.06%)
377,Edison International,EIX,0.03%,51.14,-0.19,(-0.37%)
378,Trimble Inc.,TRMB,0.03%,82.04,0.02,(0.02%)
379,Steel Dynamics,STLD,0.03%,131.63,0.48,(0.37%)
380,International Flavors & Fragrances,IFF,0.03%,76.00,0.97,(1.29%)
381,Loews Corporation,L,0.03%,92.38,0.20,(0.22%)
382,NiSource,NI,0.03%,40.90,0.68,(1.69%)
383,McCormick & Company,MKC,0.03%,71.42,-0.30,(-0.42%)
384,Tyson Foods,TSN,0.03%,53.41,-0.57,(-1.06%)
385,First Solar,FSLR,0.03%,175.85,2.31,(1.33%)
386,Gen Digital,GEN,0.03%,30.27,0.13,(0.43%)
387,Quest Diagnostics,DGX,0.03%,166.91,-1.27,(-0.76%)
388,Coterra,CTRA,0.03%,24.39,-0.06,(-0.25%)
389,Essex Property Trust,ESS,0.03%,287.37,0.35,(0.12%)
390,Erie Indemnity,ERIE,0.03%,353.32,-0.85,(-0.24%)
391,Zimmer Biomet,ZBH,0.03%,93.19,-1.71,(-1.80%)
392,Weyerhaeuser,WY,0.03%,25.31,-0.37,(-1.44%)
393,Biogen,BIIB,0.03%,124.99,-3.70,(-2.88%)
394,Halliburton,HAL,0.03%,21.22,-0.32,(-1.49%)
395,Principal Financial Group,PFG,0.03%,81.06,0.09,(0.11%)
396,Packaging Corporation of America,PKG,0.03%,199.81,-2.43,(-1.20%)
397,Mid-America Apartment Communities,MAA,0.03%,150.77,0.11,(0.07%)
398,Snap-on,SNA,0.03%,336.71,-1.09,(-0.32%)
399,Ralph Lauren Corporation,RL,0.03%,289.49,3.23,(1.13%)
400,Pentair,PNR,0.03%,106.07,-0.63,(-0.59%)
401,F5 Inc.,FFIV,0.03%,302.17,1.83,(0.61%)
402,Fortive,FTV,0.03%,50.53,-0.74,(-1.44%)
403,Waters Corporation,WAT,0.03%,287.53,-9.39,(-3.16%)
404,Genuine Parts Company,GPC,0.03%,122.91,-0.62,(-0.50%)
405,Zebra Technologies,ZBRA,0.03%,331.73,1.83,(0.55%)
406,Jacobs Solutions,J,0.03%,138.67,-0.63,(-0.45%)
407,Alliant Energy,LNT,0.03%,64.13,0.91,(1.44%)
408,FactSet,FDS,0.03%,432.32,-4.25,(-0.97%)
409,Ball Corporation,BALL,0.03%,57.85,-0.22,(-0.38%)
410,Hormel Foods,HRL,0.03%,29.14,-0.54,(-1.82%)
411,Domino's,DPZ,0.03%,465.95,-2.75,(-0.59%)
412,Evergy,EVRG,0.03%,68.90,1.06,(1.56%)
413,Clorox,CLX,0.03%,128.37,-0.89,(-0.69%)
414,Textron,TXT,0.03%,85.00,-0.36,(-0.42%)
415,Expeditors International,EXPD,0.03%,111.67,-2.25,(-1.98%)
416,Deckers Brands,DECK,0.03%,101.91,0.69,(0.68%)
417,West Pharmaceutical Services,WST,0.03%,210.89,-10.70,(-4.83%)
418,Teradyne,TER,0.03%,93.92,1.12,(1.21%)
419,CF Industries,CF,0.03%,92.63,0.84,(0.92%)
420,Bunge Global,BG,0.03%,74.42,1.26,(1.72%)
421,Aptiv,APTV,0.03%,68.20,-2.07,(-2.95%)
422,Kimco Realty,KIM,0.03%,21.67,0.01,(0.05%)
423,Cooper Companies (The),COO,0.03%,72.63,-0.63,(-0.86%)
424,J.B. Hunt,JBHT,0.03%,148.89,-3.80,(-2.49%)
425,Best Buy,BBY,0.03%,67.55,-0.12,(-0.18%)
426,Hologic,HOLX,0.03%,63.99,-0.03,(-0.05%)
427,Baxter International,BAX,0.03%,27.77,-0.12,(-0.43%)
428,Everest Group,EG,0.03%,333.07,-0.93,(-0.28%)
429,Avery Dennison,AVY,0.02%,178.60,-2.20,(-1.22%)
430,TKO Group Holdings,TKO,0.02%,170.79,1.44,(0.85%)
431,Centene Corporation,CNC,0.02%,27.95,-1.19,(-4.08%)
432,IDEX Corporation,IEX,0.02%,183.38,-0.58,(-0.32%)
433,Masco,MAS,0.02%,65.56,-0.32,(-0.49%)
434,Align Technology,ALGN,0.02%,190.77,-1.50,(-0.78%)
435,Omnicom Group,OMC,0.02%,71.06,0.20,(0.28%)
436,Brown–Forman,BF.B,0.02%,28.92,-0.12,(-0.41%)
437,Builders FirstSource,BLDR,0.02%,123.15,-3.70,(-2.92%)
438,Alexandria Real Estate Equities,ARE,0.02%,78.17,-0.72,(-0.91%)
439,UDR Inc.,UDR,0.02%,40.73,0.09,(0.22%)
440,Allegion,ALLE,0.02%,152.82,-0.71,(-0.46%)
441,Incyte,INCY,0.02%,67.86,-1.08,(-1.57%)
442,Jack Henry & Associates,JKHY,0.02%,178.64,-0.45,(-0.25%)
443,Franklin Resources,BEN,0.02%,24.60,0.08,(0.33%)
444,Paycom,PAYC,0.02%,229.71,4.99,(2.22%)
445,Healthpeak Properties,DOC,0.02%,18.32,-0.04,(-0.22%)
446,Regency Centers,REG,0.02%,69.87,-0.03,(-0.04%)
447,Solventum,SOLV,0.02%,73.28,-0.58,(-0.79%)
448,Nordson Corporation,NDSN,0.02%,217.07,-0.40,(-0.18%)
449,Fox Corporation (Class B),FOX,0.02%,51.68,-0.08,(-0.15%)
450,Camden Property Trust,CPT,0.02%,113.93,-0.22,(-0.19%)
451,Moderna,MRNA,0.02%,31.26,-0.94,(-2.92%)
452,Fox Corporation (Class A),FOXA,0.02%,56.25,-0.14,(-0.25%)
453,C.H. Robinson,CHRW,0.02%,97.48,-1.05,(-1.07%)
454,Mosaic Company (The),MOS,0.02%,36.24,0.97,(2.75%)
455,J.M. Smucker Company (The),SJM,0.02%,106.16,-2.74,(-2.52%)
456,News Corp (Class A),NWSA,0.02%,29.86,-0.31,(-1.03%)
457,Pool Corporation,POOL,0.02%,298.86,0.05,(0.02%)
458,Akamai Technologies,AKAM,0.02%,78.69,0.76,(0.98%)
459,Host Hotels & Resorts,HST,0.02%,16.14,0.08,(0.50%)
460,Wynn Resorts,WYNN,0.02%,106.77,-2.67,(-2.44%)
461,Pinnacle West,PNW,0.02%,92.51,0.96,(1.05%)
462,Revvity,RVTY,0.02%,93.26,-2.32,(-2.43%)
463,Skyworks Solutions,SWKS,0.02%,72.77,0.56,(0.78%)
464,BXP Inc.,BXP,0.02%,68.95,-0.08,(-0.12%)
465,Hasbro,HAS,0.02%,77.81,0.62,(0.80%)
466,Universal Health Services,UHS,0.02%,168.94,-1.88,(-1.10%)
467,Stanley Black & Decker,SWK,0.02%,70.11,-0.71,(-1.00%)
468,DaVita,DVA,0.02%,141.16,-2.22,(-1.55%)
469,Norwegian Cruise Line Holdings,NCLH,0.02%,23.59,-0.01,(-0.04%)
470,Viatris,VTRS,0.02%,8.88,-0.39,(-4.21%)
471,MGM Resorts,MGM,0.02%,37.19,-0.38,(-1.01%)
472,Molson Coors Beverage Company,TAP,0.02%,50.06,-0.28,(-0.56%)
473,Globe Life,GL,0.02%,122.09,0.49,(0.40%)
474,A. O. Smith,AOS,0.02%,70.30,-0.45,(-0.64%)
475,Huntington Ingalls Industries,HII,0.02%,254.49,-0.86,(-0.34%)
476,Walgreens Boots Alliance,WBA,0.02%,11.49,-0.02,(-0.17%)
477,Molina Healthcare,MOH,0.02%,182.98,-21.27,(-10.41%)
478,LKQ Corporation,LKQ,0.02%,37.12,-0.33,(-0.88%)
479,Assurant,AIZ,0.02%,188.07,-0.01,(-0.01%)
480,AES Corporation,AES,0.02%,13.37,0.18,(1.36%)
481,CarMax,KMX,0.02%,62.62,0.34,(0.55%)
482,EPAM Systems,EPAM,0.02%,164.70,0.22,(0.13%)
483,Dayforce,DAY,0.02%,58.25,0.62,(1.08%)
484,Campbell Soup Company,CPB,0.02%,30.98,-0.32,(-1.02%)
485,Conagra Brands,CAG,0.02%,19.07,0.10,(0.53%)
486,Albemarle Corporation,ALB,0.02%,77.07,1.33,(1.76%)
487,Generac,GNRC,0.02%,153.11,3.37,(2.25%)
488,Eastman Chemical Company,EMN,0.02%,77.75,-0.46,(-0.59%)
489,Interpublic Group of Companies (The),IPG,0.02%,24.18,0.05,(0.21%)
490,Invesco,IVZ,0.02%,19.92,2.64,(15.28%)
491,Paramount Global,PARA,0.02%,12.99,0.05,(0.39%)
492,Henry Schein,HSIC,0.02%,69.10,-0.40,(-0.58%)
493,Federal Realty Investment Trust,FRT,0.01%,94.67,-0.46,(-0.48%)
494,Bio-Techne,TECH,0.01%,52.02,-1.27,(-2.38%)
495,Match Group,MTCH,0.01%,32.45,0.10,(0.31%)
496,MarketAxess,MKTX,0.01%,208.84,-1.59,(-0.76%)
497,Charles River Laboratories,CRL,0.01%,154.48,-2.22,(-1.42%)
498,Mohawk Industries,MHK,0.01%,111.17,-0.08,(-0.07%)
499,Lamb Weston,LW,0.01%,49.00,-1.49,(-2.95%)
500,APA Corporation,APA,0.01%,18.82,-0.02,(-0.11%)
501,News Corp (Class B),NWS,0.01%,34.46,-0.36,(-1.03%)
502,Caesars Entertainment,CZR,0.01%,29.93,-0.42,(-1.38%)
503,Enphase Energy,ENPH,0.01%,39.58,0.84,(2.17%)
